Keith	keith998	kenntran	6	
Stuart	stuart556	123	0	
Oshana	oshana223	123	0	
Fred	fred772	fred123	3	
Timothy	timo007	timo123	0	
Abbott	abbott119	123	0	
